n,category,algorithm,avg_time_sec,avg_comparisons
100,sorted,BubbleSort,5.709998367819935e-06,99
100,sorted,InsertionSort,9.259997750632464e-06,99
100,sorted,MergeSort,0.00013824000052409247,316
100,reverse_sorted,BubbleSort,0.0006025599999702535,4950
100,reverse_sorted,InsertionSort,0.0004505700009758584,4950
100,reverse_sorted,MergeSort,0.0001608000005944632,356
100,random,BubbleSort,0.0004407000000355765,4880
100,random,InsertionSort,0.00021852999925613402,2514.8
100,random,MergeSort,0.00016705000161891802,540.4
100,few_descents,BubbleSort,0.0006358899991028011,4808.2
100,few_descents,InsertionSort,0.0003721599976415746,3658.5
100,few_descents,MergeSort,0.00021281999943312258,388.1
100,many_descents,BubbleSort,0.0007095500011928379,4949.9
100,many_descents,InsertionSort,0.0004455500020412728,4946
100,many_descents,MergeSort,0.00016044999938458204,363.4
500,sorted,BubbleSort,3.881000156980008e-05,499
500,sorted,InsertionSort,5.9389998205006124e-05,499
500,sorted,MergeSort,0.0009332800036645494,2216
500,reverse_sorted,BubbleSort,0.014838949998375029,124750
500,reverse_sorted,InsertionSort,0.011212660001183395,124750
500,reverse_sorted,MergeSort,0.000861629999417346,2272
500,random,BubbleSort,0.01208599000237882,124265.7
500,random,InsertionSort,0.006088059998000972,63728
500,random,MergeSort,0.0010952299970085732,3853
500,few_descents,BubbleSort,0.014599879999877885,124257.2
500,few_descents,InsertionSort,0.01030047999956878,116023.5
500,few_descents,MergeSort,0.0009165299998130649,2642.5
500,many_descents,BubbleSort,0.014768889998958912,124750
500,many_descents,InsertionSort,0.011407519997737836,124724.5
500,many_descents,MergeSort,0.0008766500017372891,2326.6
1000,sorted,BubbleSort,7.052000146359205e-05,999
1000,sorted,InsertionSort,0.00010849999962374568,999
1000,sorted,MergeSort,0.0017218399996636435,4932
1000,reverse_sorted,BubbleSort,0.06762762999860569,499500
1000,reverse_sorted,InsertionSort,0.048224130002199675,499500
1000,reverse_sorted,MergeSort,0.0019424700018134899,5044
1000,random,BubbleSort,0.054016330001468306,498637.5
1000,random,InsertionSort,0.025034450001840014,250039.8
1000,random,MergeSort,0.0025794200017116966,8707
1000,few_descents,BubbleSort,0.06395780999737326,499332.6
1000,few_descents,InsertionSort,0.04693681999924593,482199.8
1000,few_descents,MergeSort,0.0023793000014848075,5787.1
1000,many_descents,BubbleSort,0.06888865000073566,499500
1000,many_descents,InsertionSort,0.050182660001155455,499452.1
1000,many_descents,MergeSort,0.002020920003997162,5151.2
2000,sorted,BubbleSort,0.000149859998782631,1999
2000,sorted,InsertionSort,0.00023481000098399818,1999
2000,sorted,MergeSort,0.004064500000094995,10864
2000,reverse_sorted,BubbleSort,0.2890001899999334,1999000
2000,reverse_sorted,InsertionSort,0.20673027000011643,1999000
2000,reverse_sorted,MergeSort,0.004743390002113301,11088
2000,random,BubbleSort,0.25583275999961186,1996825.6
2000,random,InsertionSort,0.11311258999776327,995077.7
2000,random,MergeSort,0.005808090000937227,19414.3
2000,few_descents,BubbleSort,0.3282928700005868,1998705.7
2000,few_descents,InsertionSort,0.24115272000053664,1963720.7
2000,few_descents,MergeSort,0.005137229997490067,12582.4
2000,many_descents,BubbleSort,0.32819140999781665,1998999.9
2000,many_descents,InsertionSort,0.2470591900011641,1998905.5
2000,many_descents,MergeSort,0.005555189997539856,11305.7
5000,sorted,BubbleSort,0.000458270002854988,4999
5000,sorted,InsertionSort,0.0006788299986510537,4999
5000,sorted,MergeSort,0.011932769998384173,29804
5000,reverse_sorted,BubbleSort,2.0675292399988394,12497500
5000,reverse_sorted,InsertionSort,1.4720999200028018,12497500
5000,reverse_sorted,MergeSort,0.014091010000265669,32004
5000,random,BubbleSort,1.6660321899995325,12493239.7
5000,random,InsertionSort,0.7412664199990104,6265791
5000,random,MergeSort,0.015325899999879766,55236.2
5000,few_descents,BubbleSort,2.2261654999965685,12497139.1
5000,few_descents,InsertionSort,1.554199639998842,12407879.5
5000,few_descents,MergeSort,0.013970129995141179,34409.5
5000,many_descents,BubbleSort,2.165336969999771,12497499.8
5000,many_descents,InsertionSort,1.465098130000115,12497255.9
5000,many_descents,MergeSort,0.013673639998887665,32416.2
